feature,importance
event_cause,0.3572955096107323
hour,0.16458548008107893
requires_road_closure,0.16455028180471973
zone,0.13431682344192958
day_of_week,0.08701101816325756
month,0.07954748693695064
weekend,0.01269339996133128
